[
  {
    "pid": "24",
    "marca": "Acer",
    "model": "ES1-132-C61W",
    "preu": "225.00",
    "tipus": "Port\u00e0tils",
    "processador": "Intel Celeron",
    "ram": "4GB DDR3",
    "gr\u00e0fica": "Geforce 920M",
    "polzades": "11.60",
    "emmagatzematge": "32 SSD",
    "imatge": "1378900.jpg",
    "href": "",
    "valoracio": "0",
    "stock": "0.00"
  },
  {
    "pid": "29",
    "marca": "Acer",
    "model": "Aspire VX5-591G-73J6",
    "preu": "1192.59",
    "tipus": "Port\u00e0tils",
    "processador": "Intel I7",
    "ram": "8GB DDR4",
    "gr\u00e0fica": "Radeon R7 M445",
    "polzades": "15.60",
    "emmagatzematge": "1000",
    "imatge": "1381680.jpg",
    "href": "",
    "valoracio": "0",
    "stock": "0.00"
  },
  {
    "pid": "33",
    "marca": "Apple",
    "model": "MacBook Air",
    "preu": "999.00",
    "tipus": "Port\u00e0tils",
    "processador": "Intel I5",
    "ram": "8GB DDR3",
    "gr\u00e0fica": "GeForce MX150",
    "polzades": "13.00",
    "emmagatzematge": "128 SSD",
    "imatge": "96327-gimp.jpg",
    "href": "",
    "valoracio": "0",
    "stock": "0.00"
  },
  {
    "pid": "34",
    "marca": "Apple",
    "model": "MacBook Pro Retina Display",
    "preu": "1999.00",
    "tipus": "Port\u00e0tils",
    "processador": "Intel I7",
    "ram": "16GB DDR3",
    "gr\u00e0fica": "Radeon R7 M445",
    "polzades": "15.40",
    "emmagatzematge": "256 SSD",
    "imatge": "apple-macbook-pro-retina-display-intel-i7-16gb-256gb-15-4.jpg",
    "href": "",
    "valoracio": "0",
    "stock": "0.00"
  },
  {
    "pid": "35",
    "marca": "Apple",
    "model": "MacBook Pro Plata Con Touch Bar",
    "preu": "2729.00",
    "tipus": "Port\u00e0tils",
    "processador": "Intel I7",
    "ram": "16GB DDR4",
    "gr\u00e0fica": "Radeon R7 M440",
    "polzades": "15.40",
    "emmagatzematge": "512 SSD",
    "imatge": "1111.jpg",
    "href": "",
    "valoracio": "0",
    "stock": "0.00"
  },
  {
    "pid": "23",
    "marca": "Asus",
    "model": "K541UA-GO1205T",
    "preu": "639.00",
    "tipus": "Port\u00e0tils",
    "processador": "Intel I7",
    "ram": "8GB DDR4",
    "gr\u00e0fica": "Radeon R7 M440",
    "polzades": "15.60",
    "emmagatzematge": "1000",
    "imatge": "1348530.jpg",
    "href": "",
    "valoracio": "0",
    "stock": "0.00"
  },
  {
    "pid": "26",
    "marca": "Asus",
    "model": "K541UJ-GO280T",
    "preu": "529.00",
    "tipus": "Port\u00e0tils",
    "processador": "Intel I3",
    "ram": "8GB DDR3",
    "gr\u00e0fica": "GeForce GTX 950M",
    "polzades": "15.60",
    "emmagatzematge": "1000",
    "imatge": "1348350.jpg",
    "href": "",
    "valoracio": "0",
    "stock": "0.00"
  },
  {
    "pid": "30",
    "marca": "Asus",
    "model": "GL753VD-GC185T",
    "preu": "1185.00",
    "tipus": "Port\u00e0tils",
    "processador": "Intel I7",
    "ram": "16GB DDR4",
    "gr\u00e0fica": "Radeon R7 M445",
    "polzades": "17.30",
    "emmagatzematge": "1000",
    "imatge": "1290130.jpg",
    "href": "",
    "valoracio": "0",
    "stock": "0.00"
  },
  {
    "pid": "31",
    "marca": "Asus",
    "model": "Rog GL502VS-GZ289T",
    "preu": "2010.34",
    "tipus": "Port\u00e0tils",
    "processador": "Intel I7",
    "ram": "32GB DDR4",
    "gr\u00e0fica": "Radeon R7 M445",
    "polzades": "15.60",
    "emmagatzematge": "512 SSD",
    "imatge": "h1.jpg",
    "href": "",
    "valoracio": "0",
    "stock": "0.00"
  },
  {
    "pid": "25",
    "marca": "Dell",
    "model": "Vostro 5568",
    "preu": "746.59",
    "tipus": "Port\u00e0tils",
    "processador": "Intel I5",
    "ram": "8GB DDR4",
    "gr\u00e0fica": "Radeon R7 M440",
    "polzades": "15.60",
    "emmagatzematge": "256 SSD",
    "imatge": "dell-jmcy8-1-1.jpg",
    "href": "",
    "valoracio": "0",
    "stock": "0.00"
  },
  {
    "pid": "1",
    "marca": "HP",
    "model": "Notebook",
    "preu": "599.00",
    "tipus": "Port\u00e0tils",
    "processador": "Intel I5",
    "ram": "16GB DDR4",
    "gr\u00e0fica": "Radeon HD 530v",
    "polzades": "15.60",
    "emmagatzematge": "256 SSD",
    "imatge": "1373200.jpg",
    "href": "",
    "valoracio": "0",
    "stock": "0.00"
  },
  {
    "pid": "3",
    "marca": "HP",
    "model": "15-BS512NS",
    "preu": "609.00",
    "tipus": "Port\u00e0tils",
    "processador": "Intel I5",
    "ram": "12GB DDR3",
    "gr\u00e0fica": "GeForce GTX 960M",
    "polzades": "15.60",
    "emmagatzematge": "256 SSD",
    "imatge": "l1-copia.jpg",
    "href": "",
    "valoracio": "0",
    "stock": "0.00"
  },
  {
    "pid": "5",
    "marca": "HP",
    "model": "Stream 14-AX003NS",
    "preu": "269.00",
    "tipus": "Port\u00e0tils",
    "processador": "Intel Celeron",
    "ram": "4GB DDR3",
    "gr\u00e0fica": "Geforce 920M",
    "polzades": "11.60",
    "emmagatzematge": "256",
    "imatge": "2-1.jpg",
    "href": "",
    "valoracio": "0",
    "stock": "0.00"
  },
  {
    "pid": "14",
    "marca": "HP",
    "model": "Notebook 250 G6",
    "preu": "535.00",
    "tipus": "Port\u00e0tils",
    "processador": "Intel I3",
    "ram": "8GB DDR3",
    "gr\u00e0fica": "GeForce GTX 960M",
    "polzades": "15.60",
    "emmagatzematge": "256 SSD",
    "imatge": "1373110.jpg",
    "href": "",
    "valoracio": "0",
    "stock": "0.00"
  },
  {
    "pid": "18",
    "marca": "HP",
    "model": "Pavilion 15-BC302NS",
    "preu": "649.00",
    "tipus": "Port\u00e0tils",
    "processador": "Intel I5",
    "ram": "8GB DDR4",
    "gr\u00e0fica": "GeForce GTX 970M",
    "polzades": "15.60",
    "emmagatzematge": "1000",
    "imatge": "c05700804-1750x1285.jpg",
    "href": "",
    "valoracio": "0",
    "stock": "0.00"
  },
  {
    "pid": "4",
    "marca": "Lenovo",
    "model": "Essential V110-15ISK",
    "preu": "365.00",
    "tipus": "Port\u00e0tils",
    "processador": "Intel I3",
    "ram": "4GB DDR3",
    "gr\u00e0fica": "GeForce 930M",
    "polzades": "15.60",
    "emmagatzematge": "500",
    "imatge": "7.jpg",
    "href": "",
    "valoracio": "0",
    "stock": "0.00"
  },
  {
    "pid": "6",
    "marca": "Lenovo",
    "model": "Ideapad 320-15ISK",
    "preu": "509.59",
    "tipus": "Port\u00e0tils",
    "processador": "Intel I3",
    "ram": "4GB DDR3",
    "gr\u00e0fica": "GeForce 940MX",
    "polzades": "15.60",
    "emmagatzematge": "500",
    "imatge": "1.jpg",
    "href": "",
    "valoracio": "0",
    "stock": "0.00"
  },
  {
    "pid": "13",
    "marca": "Lenovo",
    "model": "80TG00VYSP V110-15IAP",
    "preu": "259.00",
    "tipus": "Port\u00e0tils",
    "processador": "Intel Celeron",
    "ram": "4GB DDR3",
    "gr\u00e0fica": "GeForce 930M",
    "polzades": "15.60",
    "emmagatzematge": "500",
    "imatge": "1387310.jpg",
    "href": "",
    "valoracio": "0",
    "stock": "0.00"
  },
  {
    "pid": "15",
    "marca": "Lenovo",
    "model": "Yoga 300-11IBR",
    "preu": "399.00",
    "tipus": "Port\u00e0tils",
    "processador": "Intel Celeron",
    "ram": "4GB DDR3",
    "gr\u00e0fica": "GeForce 930M",
    "polzades": "11.60",
    "emmagatzematge": "500",
    "imatge": "10.jpg",
    "href": "",
    "valoracio": "0",
    "stock": "0.00"
  },
  {
    "pid": "20",
    "marca": "Lenovo",
    "model": "Legion Y720-15IKB",
    "preu": "1339.00",
    "tipus": "Port\u00e0tils",
    "processador": "Intel I7",
    "ram": "16GB DDR4",
    "gr\u00e0fica": "Radeon R7 M445",
    "polzades": "15.60",
    "emmagatzematge": "1000",
    "imatge": "lenovo-idea-legion-y720-01.jpg",
    "href": "",
    "valoracio": "0",
    "stock": "0.00"
  },
  {
    "pid": "32",
    "marca": "LG",
    "model": "Gram 15Z970",
    "preu": "1099.01",
    "tipus": "Port\u00e0tils",
    "processador": "Intel I7",
    "ram": "8GB DDR3",
    "gr\u00e0fica": "GeForce GTX 970M",
    "polzades": "15.60",
    "emmagatzematge": "512 SSD",
    "imatge": "15z970-g-1.jpg",
    "href": "",
    "valoracio": "0",
    "stock": "0.00"
  },
  {
    "pid": "36",
    "marca": "LG",
    "model": "GRAM",
    "preu": "1381.25",
    "tipus": "Port\u00e0tils",
    "processador": "Intel I7",
    "ram": "8GB DDR3",
    "gr\u00e0fica": "Radeon HD 530v",
    "polzades": "15.60",
    "emmagatzematge": "256 SSD",
    "imatge": "15z970-product-image-12-desk.jpg",
    "href": "",
    "valoracio": "0",
    "stock": "0.00"
  },
  {
    "pid": "19",
    "marca": "Toshiba",
    "model": "Satellite Pro R40-C-13V",
    "preu": "324.00",
    "tipus": "Port\u00e0tils",
    "processador": "Intel Celeron",
    "ram": "4GB DDR3",
    "gr\u00e0fica": "GeForce 945M",
    "polzades": "14.00",
    "emmagatzematge": "500",
    "imatge": "1417610.jpg",
    "href": "",
    "valoracio": "0",
    "stock": "0.00"
  },
  {
    "pid": "2",
    "marca": "MSI",
    "model": "GL62M",
    "preu": "999.00",
    "tipus": "Port\u00e0tils",
    "processador": "Intel I7",
    "ram": "8GB DDR4",
    "gr\u00e0fica": "GeForce MX150",
    "polzades": "15.60",
    "emmagatzematge": "1000",
    "imatge": "1369500.jpg",
    "href": "",
    "valoracio": "0",
    "stock": "0.00"
  },
  {
    "pid": "9",
    "marca": "MSI",
    "model": "GL62M 7RDX-2203XES",
    "preu": "799.00",
    "tipus": "Port\u00e0tils",
    "processador": "Intel I5",
    "ram": "8GB DDR4",
    "gr\u00e0fica": "GeForce GTX 980M",
    "polzades": "15.60",
    "emmagatzematge": "1000",
    "imatge": "1393140.jpg",
    "href": "",
    "valoracio": "0",
    "stock": "0.00"
  },
  {
    "pid": "10",
    "marca": "MSI",
    "model": "PL62 7RC-051XES",
    "preu": "799.00",
    "tipus": "Port\u00e0tils",
    "processador": "Intel I7",
    "ram": "8GB DDR4",
    "gr\u00e0fica": "GeForce GTX 970M",
    "polzades": "15.60",
    "emmagatzematge": "1000",
    "imatge": "1a.jpg",
    "href": "",
    "valoracio": "0",
    "stock": "0.00"
  },
  {
    "pid": "46",
    "marca": "Acer",
    "model": "Predator G3-710",
    "preu": "1415.64",
    "tipus": "Sobretaula",
    "processador": "Intel I7",
    "ram": "32GB DDR4",
    "gr\u00e0fica": "Radeon R7 M445",
    "polzades": "0.00",
    "emmagatzematge": "1000",
    "imatge": "91cnf2ti-cl-sl1500.jpg",
    "href": "",
    "valoracio": "0",
    "stock": "0.00"
  },
  {
    "pid": "48",
    "marca": "Apple",
    "model": "Mac Pro ",
    "preu": "3369.00",
    "tipus": "Sobretaula",
    "processador": "Intel Xenon",
    "ram": "16GB DDR4",
    "gr\u00e0fica": "Radeon R7 M445",
    "polzades": "0.00",
    "emmagatzematge": "256 SSD",
    "imatge": "apple-mac-pro-quad-core-3-7-ghz.jpg",
    "href": "",
    "valoracio": "0",
    "stock": "0.00"
  },
  {
    "pid": "47",
    "marca": "Asus",
    "model": "G11CD-K-SP012T",
    "preu": "1192.69",
    "tipus": "Sobretaula",
    "processador": "Intel I7",
    "ram": "16GB DDR4",
    "gr\u00e0fica": "GeForce MX150",
    "polzades": "0.00",
    "emmagatzematge": "1000",
    "imatge": "1319740.jpg",
    "href": "",
    "valoracio": "0",
    "stock": "0.00"
  },
  {
    "pid": "37",
    "marca": "HP",
    "model": "Pavilion Desktop 570-P066NS",
    "preu": "599.00",
    "tipus": "Sobretaula",
    "processador": "AMD 10",
    "ram": "12GB DDR3",
    "gr\u00e0fica": "GeForce MX150",
    "polzades": "0.00",
    "emmagatzematge": "1000",
    "imatge": "d2.jpg",
    "href": "",
    "valoracio": "0",
    "stock": "0.00"
  },
  {
    "pid": "39",
    "marca": "HP",
    "model": "260-a108ns ",
    "preu": "235.59",
    "tipus": "Sobretaula",
    "processador": "AMD E",
    "ram": "4GB DDR3",
    "gr\u00e0fica": "GeForce GTX 1060",
    "polzades": "0.00",
    "emmagatzematge": "1000",
    "imatge": "105716.jpg",
    "href": "",
    "valoracio": "0",
    "stock": "0.00"
  },
  {
    "pid": "41",
    "marca": "HP",
    "model": "OMEN 880-021NS",
    "preu": "2005.59",
    "tipus": "Sobretaula",
    "processador": "Intel I7",
    "ram": "16GB DDR4",
    "gr\u00e0fica": "Radeon R7 M445",
    "polzades": "0.00",
    "emmagatzematge": "1000",
    "imatge": "1456540.jpg",
    "href": "",
    "valoracio": "0",
    "stock": "0.00"
  },
  {
    "pid": "42",
    "marca": "Lenovo",
    "model": "IdeaCentre 310S-08IAP",
    "preu": "329.00",
    "tipus": "Sobretaula",
    "processador": "Intel Celeron",
    "ram": "4GB DDR3",
    "gr\u00e0fica": "GeForce GTX 1050",
    "polzades": "0.00",
    "emmagatzematge": "1000",
    "imatge": "4.jpg",
    "href": "",
    "valoracio": "0",
    "stock": "0.00"
  },
  {
    "pid": "40",
    "marca": "MSI",
    "model": "Trident 3 7RB-074EU",
    "preu": "799.00",
    "tipus": "Sobretaula",
    "processador": "Intel I5",
    "ram": "8GB DDR3",
    "gr\u00e0fica": "GeForce GTX 980M",
    "polzades": "0.00",
    "emmagatzematge": "1000",
    "imatge": "1343430.jpg",
    "href": "",
    "valoracio": "0",
    "stock": "0.00"
  },
  {
    "pid": "44",
    "marca": "MSI",
    "model": "Infinite 7RB-068XEU",
    "preu": "799.00",
    "tipus": "Sobretaula",
    "processador": "Intel I5",
    "ram": "8GB DDR3",
    "gr\u00e0fica": "GeForce MX150",
    "polzades": "0.00",
    "emmagatzematge": "1000",
    "imatge": "f1.jpg",
    "href": "",
    "valoracio": "0",
    "stock": "0.00"
  }
]